,Name,wb97m-v-DFT-forward,wb97m-v-DFT-reverse,wb97m-v-DFT-reaction,cam-b3lyp-DFT-forward,cam-b3lyp-DFT-reverse,cam-b3lyp-DFT-reaction,wb97x-DFT-forward,wb97x-DFT-reverse,wb97x-DFT-reaction,b97m-v-DFT-forward,b97m-v-DFT-reverse,b97m-v-DFT-reaction,b2k-plyp-DFT-forward,b2k-plyp-DFT-reverse,b2k-plyp-DFT-reaction,rsx-0dh-DFT-forward,rsx-0dh-DFT-reverse,rsx-0dh-DFT-reaction,blyp-DFT-forward,blyp-DFT-reverse,blyp-DFT-reaction,pbe0-DFT-forward,pbe0-DFT-reverse,pbe0-DFT-reaction,wb2-plyp18-DFT-forward,wb2-plyp18-DFT-reverse,wb2-plyp18-DFT-reaction,b3lyp-DFT-forward,b3lyp-DFT-reverse,b3lyp-DFT-reaction,rsx-qidh-DFT-forward,rsx-qidh-DFT-reverse,rsx-qidh-DFT-reaction,m06l-DFT-forward,m06l-DFT-reverse,m06l-DFT-reaction,m062x-DFT-forward,m062x-DFT-reverse,m062x-DFT-reaction,bhandhlyp-DFT-forward,bhandhlyp-DFT-reverse,bhandhlyp-DFT-reaction,wb2-plyp-DFT-forward,wb2-plyp-DFT-reverse,wb2-plyp-DFT-reaction,pbe0-dh-DFT-forward,pbe0-dh-DFT-reverse,pbe0-dh-DFT-reaction,wb97x-v-DFT-forward,wb97x-v-DFT-reverse,wb97x-v-DFT-reaction,pbe-qidh-DFT-forward,pbe-qidh-DFT-reverse,pbe-qidh-DFT-reaction,m06-DFT-forward,m06-DFT-reverse,m06-DFT-reaction,b2-plyp-DFT-forward,b2-plyp-DFT-reverse,b2-plyp-DFT-reaction,Range_DFT_forward,Std_DFT_forward,Range_DFT_reverse,Std_DFT_reverse,Range_DFT_reaction,Std_DFT_reaction
0,rxn_33,11.027,56.985,-45.958,26.932,55.317,-28.386,21.634,62.059,-40.425,10.15,45.835,-35.685,12.926,49.889,-36.964,14.299,70.972,-56.672,30.678,34.811,-4.133,19.839,52.347,-32.508,7.914,53.001,-45.087,29.718,44.741,-15.022,8.767,64.231,-55.464,14.431,42.737,-28.306,12.371,52.259,-39.888,31.585,57.864,-26.28,12.349,59.194,-46.846,16.311,56.893,-40.582,12.73,62.076,-49.346,10.502,56.263,-45.761,14.709,50.393,-35.684,17.755,45.992,-28.236,23.671,7.477708636340414,36.160999999999994,8.383312977042705,52.538999999999994,12.897611338518217
1,rxn_53,19.41,60.659,-41.248,34.926,59.395,-24.47,29.56,65.798,-36.238,18.865,50.089,-31.225,21.261,54.133,-32.873,22.158,74.393,-52.234,37.707,38.983,-1.276,27.149,56.0,-28.85,16.666,57.654,-40.987,37.308,48.833,-11.524,16.885,67.951,-51.066,23.101,47.292,-24.191,20.496,55.597,-35.1,39.94,61.925,-21.985,21.045,63.585,-42.541,23.964,60.533,-36.569,21.017,65.597,-44.58,18.437,60.04,-41.603,23.351,54.223,-30.872,25.746,50.215,-24.469,23.273999999999997,7.215179506101227,35.410000000000004,8.184031266821735,50.958,12.544816390068302
2,rxn_83,9.309,50.102,-40.792,23.737,48.589,-24.852,19.373,55.181,-35.808,6.878,38.554,-31.676,10.341,43.217,-32.876,10.877,61.824,-50.947,26.285,28.56,-2.274,15.718,44.239,-28.52,5.002,45.738,-40.736,25.949,38.331,-12.382,5.67,55.574,-49.904,10.378,34.474,-24.096,10.151,44.487,-34.336,28.845,51.775,-22.93,9.708,51.918,-42.21,12.766,48.786,-36.02,11.099,55.262,-44.164,7.404,48.265,-40.861,11.871,42.496,-30.625,14.712,39.486,-24.773,23.843,7.222026223006218,33.263999999999996,8.058182934135957,48.673,11.977225783258739
3,rxn_216,11.673,46.547,-34.875,27.282,49.034,-21.752,21.883,53.319,-31.436,9.687,36.375,-26.688,13.537,42.024,-28.487,13.223,59.133,-45.909,31.028,31.273,-0.245,19.072,43.864,-24.792,8.56,43.52,-34.96,29.915,40.166,-10.251,8.238,52.6,-44.362,13.518,32.137,-18.62,13.174,43.496,-30.322,31.698,52.942,-21.244,12.852,49.791,-36.939,15.578,47.463,-31.885,13.167,51.348,-38.181,10.133,46.109,-35.977,14.078,40.287,-26.209,18.204,39.201,-20.998,23.46,7.563082830085682,27.860000000000003,7.258614370271766,45.664,10.967177881008597
4,rxn_310,11.734,56.997,-45.263,25.128,54.813,-29.685,20.95,61.913,-40.962,10.675,46.07,-35.396,12.463,49.487,-37.024,13.169,71.075,-57.906,27.887,33.731,-5.844,17.856,51.732,-33.876,7.933,53.141,-45.208,27.297,43.773,-16.476,8.266,64.288,-56.022,14.426,42.8,-28.374,12.166,52.136,-39.97,29.474,57.188,-27.713,12.126,59.347,-47.221,14.867,56.457,-41.59,13.311,61.955,-48.644,9.793,55.97,-46.177,14.744,50.332,-35.588,16.69,45.399,-28.709,21.541,6.629058962151734,37.344,8.57174301257826,52.062,12.545999745777639
5,rxn_365,27.022,65.834,-38.813,39.459,63.318,-23.859,35.454,70.669,-35.214,25.002,55.82,-30.818,27.706,58.633,-30.927,29.123,81.304,-52.181,39.129,41.534,-2.405,31.06,61.366,-30.306,23.242,63.416,-40.174,40.159,52.071,-11.911,24.292,74.601,-50.309,27.918,54.086,-26.169,27.259,62.236,-34.977,44.525,65.485,-20.96,28.063,69.081,-41.018,29.335,66.199,-36.865,28.719,70.737,-42.017,24.995,65.841,-40.846,28.408,59.914,-31.506,30.912,54.192,-23.28,21.282999999999998,5.961067732863758,39.77,8.82001452006801,49.775999999999996,12.010419769494888
6,rxn_632,11.736,56.379,-44.642,28.441,56.546,-28.105,22.774,62.079,-39.306,9.839,46.341,-36.502,13.521,50.448,-36.927,14.76,69.903,-55.143,32.043,37.467,-5.424,20.619,52.777,-32.158,8.473,53.306,-44.833,31.174,46.762,-15.588,8.986,63.293,-54.307,14.166,42.997,-28.831,12.601,51.002,-38.4,33.201,59.486,-26.285,13.082,59.303,-46.222,16.893,56.881,-39.988,13.439,61.466,-48.027,10.801,55.921,-45.12,14.937,49.887,-34.95,18.578,47.16,-28.583,24.728,7.932540998616827,32.43600000000001,7.730147827278529,49.719,12.239894321331718
7,rxn_721,17.062,60.627,-43.565,27.622,59.156,-31.534,24.58,66.211,-41.631,15.924,50.779,-34.856,17.127,54.196,-37.069,17.593,75.596,-58.003,27.966,38.697,-10.731,19.943,57.112,-37.169,13.417,58.166,-44.749,28.497,48.609,-20.111,13.487,69.032,-55.545,18.699,48.095,-29.396,17.175,56.565,-39.39,32.012,61.331,-29.319,17.416,63.869,-46.453,18.239,61.559,-43.32,18.568,65.84,-47.271,14.346,60.981,-46.635,19.445,54.933,-35.488,20.235,50.219,-29.984,18.595,5.320661615715414,36.899,8.378425993837418,47.272,11.230659330483158
8,rxn_745,21.542,29.859,-8.317,32.362,28.241,4.121,28.535,33.509,-4.974,21.949,22.625,-0.677,22.596,24.654,-2.058,19.362,39.366,-20.004,35.383,13.402,21.981,24.609,26.026,-1.416,18.718,27.23,-8.511,34.601,20.636,13.964,16.443,34.67,-18.227,25.676,19.862,5.814,22.417,25.458,-3.041,35.965,30.644,5.321,21.61,31.398,-9.789,22.189,29.495,-7.306,22.079,33.558,-11.479,18.516,29.055,-10.539,24.232,24.153,0.079,26.258,21.871,4.387,19.522000000000002,5.788482874594489,25.964,6.01343224876828,41.985,10.14331725285694
9,rxn_769,24.382,32.347,-7.965,36.59,29.651,6.938,32.111,34.99,-2.879,21.957,22.91,-0.953,25.525,26.537,-1.012,23.428,41.187,-17.759,39.691,13.666,26.025,28.735,26.562,2.173,20.85,28.966,-8.116,38.763,21.262,17.501,19.807,36.649,-16.842,24.82,17.511,7.31,25.56,27.502,-1.942,40.133,32.096,8.037,24.469,33.552,-9.083,25.977,30.578,-4.6,25.076,36.008,-10.932,21.804,30.632,-8.828,25.91,25.392,0.518,29.385,23.2,6.185,20.326000000000004,6.367821186287059,27.520999999999997,6.728731286529118,43.784,10.81732452863899
10,rxn_853,22.815,32.356,-9.54,34.128,30.723,3.405,30.218,35.995,-5.776,24.417,26.234,-1.817,24.353,27.301,-2.948,20.895,41.497,-20.602,37.818,16.562,21.256,26.906,28.824,-1.918,20.385,29.791,-9.406,36.819,23.553,13.266,18.005,36.981,-18.976,29.05,23.416,5.634,24.245,27.945,-3.7,37.884,33.333,4.551,23.146,33.762,-10.616,24.23,32.135,-7.905,23.431,36.114,-12.683,20.364,31.626,-11.262,26.659,27.105,-0.446,28.182,24.629,3.553,19.879,5.969150345074688,24.935,5.72442232341763,41.858000000000004,10.200501734305961
11,rxn_1000,31.189,36.788,-5.599,44.777,34.632,10.145,40.385,39.888,0.498,31.844,31.076,0.768,34.322,32.22,2.102,31.937,46.029,-14.092,48.627,19.783,28.844,37.972,32.566,5.406,29.208,34.494,-5.286,47.749,27.221,20.528,28.468,41.84,-13.372,36.585,28.351,8.234,33.701,33.38,0.321,48.954,37.575,11.379,32.576,38.522,-5.945,35.147,36.376,-1.229,32.051,40.292,-8.241,30.877,36.354,-5.476,34.245,31.494,2.751,38.247,29.066,9.18,20.486,6.45700309720914,26.246000000000002,5.87083410441642,42.936,10.68135282975355
12,rxn_1011,30.954,35.089,-4.135,47.16,33.152,14.008,41.663,38.469,3.194,31.238,29.882,1.356,34.616,30.046,4.57,31.556,44.59,-13.034,52.242,18.785,33.457,39.554,31.645,7.909,28.358,32.629,-4.272,50.886,25.988,24.898,27.476,40.071,-12.595,35.152,27.248,7.904,32.716,31.544,1.173,51.758,35.939,15.819,32.332,36.57,-4.238,35.884,35.031,0.854,32.485,38.757,-6.272,30.659,34.581,-3.922,34.513,30.989,3.525,39.443,27.18,12.263,24.766,7.821784234969732,25.805000000000003,5.732582975046195,46.491,11.709550568479964
13,rxn_1017,25.536,35.535,-9.999,40.429,33.598,6.831,35.432,38.746,-3.314,25.77,29.523,-3.753,28.932,30.783,-1.851,26.183,44.667,-18.484,45.447,19.028,26.419,33.526,31.551,1.975,23.391,32.881,-9.49,44.009,26.333,17.675,22.439,40.331,-17.892,30.359,26.469,3.89,27.827,31.519,-3.692,44.618,36.561,8.056,26.845,37.008,-10.163,30.113,35.191,-5.078,26.516,39.198,-12.682,25.305,34.964,-9.659,28.989,30.222,-1.233,33.451,27.816,5.635,23.008000000000003,7.196549935650818,25.639000000000003,5.819739491366296,44.903000000000006,11.200659630363882
14,rxn_1093,22.387,35.024,-12.637,37.263,32.493,4.771,32.128,37.877,-5.748,22.108,28.457,-6.349,25.624,29.75,-4.126,22.056,44.654,-22.598,42.755,17.418,25.337,29.84,30.809,-0.969,19.826,32.434,-12.608,40.891,24.854,16.038,18.458,40.168,-21.71,25.878,24.944,0.934,23.769,31.072,-7.303,41.127,35.198,5.929,23.345,36.511,-13.165,26.319,34.553,-8.234,23.705,38.757,-15.053,21.556,34.378,-12.822,26.108,30.173,-4.065,30.318,26.587,3.731,24.297000000000004,7.40657967425266,27.236000000000004,6.170876372760578,47.935,11.820982835062495
15,rxn_1248,23.168,33.298,-10.13,37.354,31.226,6.128,32.55,36.657,-4.106,24.358,27.327,-2.969,26.11,28.257,-2.147,22.651,42.761,-20.111,42.409,16.628,25.782,30.072,29.56,0.512,20.842,30.634,-9.793,40.853,23.921,16.931,19.171,38.261,-19.089,29.173,24.801,4.372,25.21,29.59,-4.38,41.369,34.071,7.299,24.114,34.703,-10.589,26.73,33.129,-6.4,24.137,36.943,-12.807,22.109,32.777,-10.669,26.878,28.283,-1.405,30.642,25.337,5.305,23.238,7.036991238037072,26.133000000000003,5.867473289244697,45.893,11.29269731006911
16,rxn_1424,22.112,34.907,-12.795,35.764,32.533,3.231,31.004,37.849,-6.844,21.603,28.199,-6.596,24.937,29.814,-4.877,20.522,44.525,-24.004,41.059,17.482,23.578,28.129,30.757,-2.628,19.209,32.34,-13.13,39.244,24.924,14.319,17.402,40.079,-22.678,25.103,24.651,0.452,23.027,30.902,-7.875,39.56,35.236,4.324,22.545,36.448,-13.903,24.891,34.507,-9.616,23.338,38.661,-15.323,20.548,34.357,-13.809,25.175,30.001,-4.826,29.371,26.656,2.716,23.656999999999996,7.099595898618753,27.043,6.155393154316832,47.582,11.547901097055188
17,rxn_1441,27.099,37.576,-10.477,39.629,35.406,4.223,35.609,40.488,-4.879,26.217,31.061,-4.845,29.54,32.895,-3.355,27.322,47.092,-19.77,43.015,20.276,22.739,32.667,33.288,-0.621,24.416,35.104,-10.689,42.184,27.812,14.373,23.946,42.763,-18.817,30.223,27.808,2.416,28.933,33.808,-4.875,43.502,38.358,5.144,27.91,39.314,-11.404,30.123,37.185,-7.061,27.96,41.265,-13.304,26.15,37.156,-11.006,29.742,32.125,-2.383,33.226,29.685,3.541,19.556,6.160786862551688,26.816,6.082592624816631,42.509,10.435937405250943
18,rxn_1463,9.858,57.557,-47.699,23.116,55.29,-32.175,18.42,60.431,-42.011,7.927,54.075,-46.147,11.25,51.855,-40.605,10.34,65.371,-55.031,24.288,44.701,-20.414,15.759,55.433,-39.674,6.017,54.113,-48.096,25.615,49.724,-24.109,6.065,61.131,-55.066,12.361,50.921,-38.56,11.543,52.064,-40.52,29.273,57.205,-27.932,9.91,57.464,-47.554,13.111,57.795,-44.684,10.667,61.769,-51.102,8.161,56.738,-48.576,14.511,53.134,-38.622,14.913,50.205,-35.292,23.256,6.702288618351511,20.669999999999995,4.832869024764308,34.652,9.560792559499943
19,rxn_1466,6.877,56.663,-49.786,19.699,54.266,-34.566,14.857,59.535,-44.678,4.572,54.052,-49.48,7.97,50.896,-42.926,6.837,64.927,-58.09,20.178,44.161,-23.983,11.784,55.237,-43.453,3.027,53.496,-50.469,21.771,48.852,-27.081,2.686,60.655,-57.969,7.854,51.228,-43.374,8.16,51.594,-43.434,25.703,55.594,-29.89,6.918,56.588,-49.67,9.334,57.383,-48.049,7.725,60.93,-53.205,4.612,56.253,-51.641,10.402,53.386,-42.984,11.462,49.389,-37.927,23.017,6.536338910880826,20.766000000000005,4.777876029708511,34.107,9.475421017586834
20,rxn_1469,7.567,58.681,-51.114,21.969,56.018,-34.049,16.36,61.11,-44.75,5.943,55.203,-49.26,9.388,53.314,-43.926,10.374,68.54,-58.165,22.683,45.207,-22.524,14.992,57.428,-42.436,4.839,56.259,-51.419,24.044,49.978,-25.934,5.506,64.247,-58.741,9.59,51.755,-42.165,9.694,53.614,-43.92,27.656,56.629,-28.972,8.818,59.337,-50.519,12.252,60.028,-47.776,8.534,62.783,-54.25,7.024,59.286,-52.261,11.468,53.944,-42.476,13.173,51.515,-38.342,22.817,6.663300731777403,23.333000000000006,5.345079829052825,36.217,10.089234165683735
21,rxn_1479,16.214,62.424,-46.21,32.65,57.167,-24.517,25.962,63.338,-37.376,15.492,59.751,-44.259,19.007,55.822,-36.814,20.804,71.991,-51.187,34.055,45.455,-11.401,26.226,59.53,-33.304,14.226,59.659,-45.433,35.231,50.512,-15.281,15.389,68.018,-52.629,19.485,56.634,-37.149,19.54,57.456,-37.916,38.599,57.316,-18.717,18.362,62.367,-44.005,22.976,62.66,-39.684,17.508,66.424,-48.916,17.075,62.488,-45.413,20.484,57.854,-37.37,23.252,53.416,-30.164,24.372999999999998,7.2556838139416415,26.536,5.986496654972758,41.227999999999994,11.701644319338877
22,rxn_1480,9.021,55.199,-46.178,27.103,52.568,-25.466,19.851,57.547,-37.695,8.865,51.971,-43.107,11.864,49.177,-37.313,13.304,64.219,-50.915,29.484,42.229,-12.745,20.046,53.716,-33.669,7.419,52.193,-44.775,30.199,46.663,-16.465,7.5,59.802,-52.302,13.366,48.636,-35.27,12.464,49.704,-37.241,33.185,53.013,-19.828,11.446,55.281,-43.835,16.083,56.008,-39.925,10.292,59.339,-49.047,9.472,54.996,-45.524,14.348,50.568,-36.219,16.847,47.719,-30.872,25.766000000000002,8.01873037906284,21.989999999999995,5.093626031361983,39.557,11.176771610306233
23,rxn_1495,7.054,59.37,-52.316,23.125,56.446,-33.32,16.742,61.434,-44.692,5.709,56.416,-50.707,9.785,53.864,-44.08,10.832,69.475,-58.642,25.013,45.733,-20.72,16.446,58.351,-41.905,4.787,56.707,-51.919,25.822,50.504,-24.682,5.68,65.132,-59.452,9.602,53.049,-43.447,9.515,54.197,-44.683,28.771,57.114,-28.343,8.816,59.825,-51.009,13.223,60.945,-47.722,8.225,63.625,-55.4,7.533,60.163,-52.63,11.622,55.175,-43.553,14.081,52.041,-37.959,23.984,7.280611066567942,23.741999999999997,5.3941248068225995,38.732,10.788708305080146
24,rxn_1536,13.26,48.827,-35.567,23.389,46.695,-23.306,21.031,53.62,-32.589,11.056,38.655,-27.599,12.261,42.229,-29.968,12.494,62.348,-49.854,23.257,28.118,-4.862,14.76,45.154,-30.395,9.082,45.773,-36.691,23.787,36.882,-13.096,8.336,56.242,-47.906,14.125,35.618,-21.493,13.245,44.331,-31.086,27.245,48.327,-21.082,13.018,51.098,-38.08,12.977,49.258,-36.281,14.67,53.615,-38.945,9.074,48.771,-39.697,15.041,42.405,-27.363,15.485,38.583,-23.098,18.909,5.42110369685964,34.230000000000004,7.934379798499823,44.992,10.877563189282888
25,rxn_1606,15.533,51.982,-36.449,25.894,50.356,-24.462,23.296,56.793,-33.498,14.137,42.985,-28.847,15.49,46.258,-30.768,15.322,66.058,-50.736,26.671,32.706,-6.035,17.98,49.645,-31.665,11.759,49.254,-37.495,26.854,41.252,-14.398,11.434,60.058,-48.624,16.771,40.26,-23.489,15.547,47.823,-32.276,29.808,52.266,-22.458,15.575,54.508,-38.933,16.194,53.549,-37.356,16.855,56.72,-39.865,12.432,52.965,-40.533,17.692,47.044,-29.352,18.701,42.703,-24.002,18.374000000000002,5.373945065386273,33.352000000000004,7.612875574522278,44.70099999999999,10.697178026667151
26,rxn_1708,15.886,51.415,-35.529,26.582,48.784,-22.203,23.846,55.876,-32.03,13.019,40.327,-27.309,14.968,44.323,-29.356,16.009,65.093,-49.084,26.098,29.389,-3.291,17.874,47.122,-29.248,11.84,48.001,-36.16,26.828,38.555,-11.727,11.506,58.841,-47.334,15.731,37.059,-21.328,16.104,46.92,-30.816,30.618,50.507,-19.89,16.005,53.528,-37.524,16.085,51.45,-35.366,17.316,56.192,-38.876,11.989,51.041,-39.052,16.832,44.524,-27.691,18.193,40.433,-22.24,19.112,5.558110673648584,35.70400000000001,8.29726422890163,45.793000000000006,11.103744698358108
27,rxn_1779,14.637,49.289,-34.652,24.963,46.927,-21.964,22.394,53.876,-31.482,12.405,38.457,-26.052,13.481,42.315,-28.835,13.995,62.795,-48.8,24.972,27.975,-3.002,16.341,45.261,-28.92,10.45,46.046,-35.597,25.426,36.9,-11.474,9.68,56.579,-46.899,15.466,35.467,-20.001,14.874,44.833,-29.959,28.881,48.566,-19.685,14.41,51.444,-37.033,14.413,49.416,-35.003,16.004,54.021,-38.017,10.341,48.917,-38.576,16.287,42.485,-26.199,16.792,38.588,-21.797,19.201,5.5187983570033765,34.82,8.100565349178773,45.797999999999995,11.089393421193064
28,rxn_1886,19.174,55.677,-36.503,30.762,53.27,-22.508,27.348,59.919,-32.571,17.46,47.223,-29.763,19.595,49.522,-29.927,19.492,69.427,-49.934,31.323,34.807,-3.484,22.377,52.406,-30.029,15.344,52.782,-37.438,31.754,43.794,-12.04,15.274,63.529,-48.255,19.601,44.328,-24.727,19.238,51.399,-32.161,35.134,55.387,-20.253,19.637,58.072,-38.435,20.444,56.58,-36.136,20.72,60.43,-39.71,16.377,56.206,-39.829,20.478,50.878,-30.4,22.917,45.636,-22.719,19.86,5.835927865386961,34.620000000000005,7.758065998823757,46.449999999999996,11.198872198386294
29,rxn_2260,8.93,58.175,-49.246,23.474,55.428,-31.954,19.203,61.347,-42.144,8.163,51.163,-43.0,9.933,52.348,-42.414,10.689,70.672,-59.982,26.777,39.002,-12.225,16.545,55.244,-38.7,5.469,56.092,-50.624,26.007,47.016,-21.009,5.607,65.47,-59.863,12.104,48.19,-36.086,10.455,54.623,-44.168,27.678,57.335,-29.656,9.48,60.319,-50.839,13.037,59.048,-46.011,11.055,62.113,-51.058,7.448,58.69,-51.243,12.746,54.823,-42.077,14.561,48.905,-34.344,22.209,7.03113235227891,31.669999999999995,7.010156453505983,47.757,11.96771345735552
30,rxn_2270,8.258,54.16,-45.902,23.609,52.779,-29.169,18.636,57.89,-39.254,8.339,47.465,-39.126,9.954,49.035,-39.081,9.182,66.173,-56.991,28.738,38.138,-9.399,16.764,52.467,-35.703,4.74,52.146,-47.407,27.157,45.268,-18.111,4.342,61.015,-56.673,11.345,44.23,-32.885,8.823,50.049,-41.225,27.982,54.59,-26.609,8.6,56.284,-47.684,12.774,55.648,-42.873,10.354,58.085,-47.731,6.957,54.907,-47.95,12.154,50.366,-38.212,15.079,46.231,-31.153,24.396,7.680989733888808,28.035000000000004,6.369165425787954,47.592,11.869840343448068
31,rxn_2310,16.838,57.091,-40.253,28.562,52.275,-23.713,24.501,57.999,-33.498,11.355,46.402,-35.047,16.925,51.167,-34.243,18.221,69.36,-51.139,28.613,34.83,-6.217,20.736,52.195,-31.459,12.091,54.82,-42.729,29.157,43.005,-13.848,13.675,64.957,-51.282,13.313,43.404,-30.09,16.286,52.285,-36.0,32.261,53.131,-20.87,16.861,58.966,-42.106,18.554,56.679,-38.125,18.625,60.32,-41.695,14.399,57.515,-43.116,15.06,49.275,-34.215,19.85,46.612,-26.762,20.906000000000002,6.1582856660548675,34.53,7.960104617138487,45.065,11.396916777310755
32,rxn_2326,20.055,56.992,-36.936,33.796,54.138,-20.342,29.72,60.076,-30.356,19.219,50.756,-31.537,20.594,51.164,-30.57,21.039,69.173,-48.134,36.026,38.702,-2.676,26.353,54.636,-28.283,15.735,55.094,-39.36,35.948,46.213,-10.265,16.045,64.133,-48.087,21.072,48.358,-27.287,20.368,53.138,-32.77,38.576,55.693,-17.117,20.185,58.922,-38.737,23.244,58.073,-34.829,22.405,60.757,-38.352,17.878,57.605,-39.727,22.267,53.594,-31.326,24.85,47.945,-23.095,22.841,6.896344988279546,30.471000000000004,6.703745739274582,45.458,11.508551265083396
33,rxn_2334,12.333,56.653,-44.319,25.141,54.705,-29.564,21.534,60.387,-38.853,12.015,50.152,-38.138,12.818,51.279,-38.462,12.748,69.53,-56.782,27.714,38.523,-10.808,18.187,54.781,-36.594,8.595,54.809,-46.215,27.427,46.637,-19.21,8.239,64.202,-55.963,15.026,47.256,-32.229,12.992,53.236,-40.244,29.582,56.927,-27.346,12.336,59.043,-46.706,15.142,58.328,-43.186,14.418,60.721,-46.303,10.087,57.681,-47.594,15.811,53.935,-38.124,16.961,47.988,-31.027,21.343,6.4675836055467295,31.006999999999998,6.845731980200278,45.974,11.263918180002438
34,rxn_2468,20.372,55.003,-34.631,33.758,51.995,-18.237,29.639,57.852,-28.213,19.038,48.4,-29.362,20.701,49.187,-28.485,21.284,67.1,-45.816,35.523,36.496,-0.973,26.073,52.387,-26.313,16.083,53.125,-37.042,35.619,43.964,-8.345,16.331,62.135,-45.804,20.965,46.148,-25.183,20.708,51.224,-30.517,38.476,53.402,-14.925,20.537,56.96,-36.423,23.154,55.908,-32.754,22.682,58.679,-35.998,17.946,55.565,-37.619,22.346,51.312,-28.966,24.802,45.915,-21.113,22.393,6.723435370912856,30.603999999999992,6.7457642403838936,44.843,11.375341329638838
35,rxn_2482,11.613,55.38,-43.767,24.327,53.409,-29.082,20.591,58.971,-38.381,11.724,49.201,-37.477,12.196,50.251,-38.055,11.604,67.542,-55.938,27.641,38.315,-10.674,17.476,53.462,-35.985,7.813,53.565,-45.751,26.909,45.721,-18.812,7.27,62.525,-55.255,14.68,46.28,-31.6,12.082,51.602,-39.52,28.583,55.247,-26.664,11.454,57.617,-46.163,14.31,56.837,-42.526,13.608,59.329,-45.721,9.308,56.306,-46.998,15.02,52.461,-37.441,16.461,47.16,-30.699,21.313,6.532845060075078,29.227000000000004,6.497640782177061,45.264,11.154950652064757
36,rxn_2517,17.805,55.708,-37.902,31.766,52.677,-20.911,27.355,58.277,-30.923,15.309,47.786,-32.477,18.62,50.125,-31.505,19.684,68.151,-48.467,33.475,36.862,-3.387,24.208,52.953,-28.745,13.822,53.851,-40.029,33.468,44.418,-10.95,14.615,63.267,-48.652,17.116,44.905,-27.789,18.316,51.634,-33.318,36.087,53.885,-17.798,18.407,57.795,-39.388,21.22,56.62,-35.4,19.957,59.321,-39.364,16.048,56.503,-40.455,18.793,50.504,-31.711,22.603,46.589,-23.986,22.265000000000004,6.852728969273176,31.288999999999994,7.049359810238837,45.265,11.488889906866776
37,rxn_2530,12.695,57.104,-44.408,26.37,54.34,-27.97,22.494,60.342,-37.848,12.776,50.703,-37.927,13.479,51.285,-37.806,13.639,69.171,-55.532,29.356,38.226,-8.869,19.515,54.393,-34.878,9.318,55.118,-45.8,28.882,46.161,-17.278,8.899,64.101,-55.202,16.07,48.097,-32.027,13.843,53.499,-39.656,30.856,56.184,-25.328,13.053,59.13,-46.077,16.182,57.989,-41.806,14.809,61.056,-46.247,10.817,57.559,-46.743,16.429,54.21,-37.781,17.874,47.928,-30.054,21.957,6.740879519375558,30.945000000000007,6.804667334766785,46.663,11.639729221280746
38,rxn_2672,9.939,56.313,-46.374,23.79,54.676,-30.885,19.566,59.725,-40.159,9.435,50.078,-40.643,10.648,51.248,-40.601,10.765,68.829,-58.064,27.218,39.616,-12.399,16.807,54.795,-37.988,6.283,54.494,-48.211,26.39,47.073,-20.683,5.95,63.653,-57.703,12.682,46.654,-33.972,10.643,52.397,-41.755,28.031,56.666,-28.636,10.114,58.614,-48.499,13.355,58.106,-44.751,11.94,60.197,-48.257,7.921,57.418,-49.497,13.308,53.003,-39.695,15.219,48.244,-33.025,22.081,6.920105008330133,29.212999999999994,6.526932159783878,45.665,11.334533274699192
39,rxn_2676,6.12,54.036,-47.916,15.615,51.445,-35.83,13.401,57.204,-43.802,4.045,46.531,-42.486,5.468,48.826,-43.357,4.241,65.101,-60.86,16.93,35.196,-18.265,8.187,50.188,-42.001,0.64,51.639,-50.999,17.121,43.207,-26.086,0.632,60.407,-59.775,6.369,42.449,-36.08,5.998,50.122,-44.124,20.025,53.815,-33.791,4.549,56.008,-51.459,6.193,54.154,-47.961,7.803,57.849,-50.046,2.314,54.11,-51.797,6.86,48.913,-42.053,8.65,45.266,-36.617,19.392999999999997,5.613768970130494,29.905,6.805822631742385,42.595,10.354922510447311
40,rxn_2720,5.564,54.434,-48.869,20.803,53.024,-32.221,15.246,58.138,-42.892,5.224,48.782,-43.557,7.32,49.751,-42.431,7.122,66.269,-59.147,25.127,39.069,-13.942,13.647,53.324,-39.677,2.476,52.661,-50.185,23.844,45.976,-22.133,2.242,61.394,-59.152,7.787,46.08,-38.293,6.347,50.552,-44.205,25.053,54.837,-29.784,6.424,56.56,-50.136,10.003,56.344,-46.341,7.491,58.508,-51.017,4.407,55.636,-51.229,9.046,51.933,-42.887,12.232,46.98,-34.748,22.884999999999998,7.393821872453985,27.200000000000003,6.08159524951697,45.21,11.381183270737068
41,rxn_2759,9.173,56.648,-47.475,25.916,54.699,-28.783,20.37,60.164,-39.794,9.006,49.847,-40.841,11.47,51.242,-39.771,11.737,68.958,-57.221,31.003,39.382,-8.379,19.393,54.96,-35.567,5.876,54.201,-48.324,29.666,47.026,-17.36,6.369,63.743,-57.374,12.692,47.106,-34.414,10.636,52.778,-42.142,30.647,56.679,-26.032,10.025,58.457,-48.432,15.188,58.263,-43.075,11.375,60.77,-49.395,8.925,57.559,-48.634,13.609,53.515,-39.906,16.759,48.155,-31.396,25.127,8.057158731770608,29.576,6.607101613136867,48.995000000000005,12.393365796921989
42,rxn_2760,7.246,55.315,-48.069,21.818,53.965,-32.147,16.583,59.097,-42.514,6.248,49.279,-43.032,8.671,50.544,-41.873,8.533,67.502,-58.969,25.574,39.626,-14.052,14.446,54.257,-39.812,3.903,53.454,-49.551,24.521,46.739,-22.217,3.75,62.47,-58.72,8.81,46.388,-37.578,8.074,51.631,-43.557,26.012,55.823,-29.811,7.92,57.497,-49.577,11.066,57.332,-46.267,9.104,59.457,-50.353,5.72,56.583,-50.863,10.436,52.569,-42.132,13.335,47.709,-34.374,22.262,7.138341518278524,27.875999999999998,6.2558917095470035,44.917,11.212464438246721
43,rxn_2972,22.249,49.331,-27.083,34.927,46.817,-11.89,29.92,50.829,-20.909,23.104,42.454,-19.35,25.422,43.482,-18.06,24.842,61.409,-36.567,38.733,28.043,10.69,30.691,45.018,-14.327,19.817,46.022,-26.205,38.34,38.171,0.169,21.218,55.995,-34.777,25.938,37.642,-11.704,24.248,47.856,-23.607,40.174,51.877,-11.704,23.214,51.026,-27.812,28.034,49.486,-21.451,23.517,52.507,-28.99,23.534,49.046,-25.511,25.379,45.475,-20.095,28.921,39.126,-10.205,20.357,6.077668423265446,33.366,7.304301453685753,47.257,11.315611416371448
44,rxn_3030,9.872,48.914,-39.042,20.7,45.87,-25.17,16.673,50.055,-33.382,10.531,39.308,-28.778,11.618,42.04,-30.422,10.754,60.067,-49.313,24.721,26.3,-1.579,16.274,42.971,-26.697,7.039,44.466,-37.427,24.005,36.794,-12.789,7.448,54.412,-46.964,13.61,34.113,-20.503,11.932,47.278,-35.346,25.613,51.404,-25.791,9.836,49.868,-40.032,13.834,47.833,-34.0,10.531,52.001,-41.471,9.593,47.354,-37.761,13.325,41.981,-28.656,15.222,37.783,-22.56,18.573999999999998,5.612421313245151,33.766999999999996,7.718715576270992,47.734,11.321797849955775
45,rxn_3225,10.855,48.961,-38.105,21.902,47.936,-26.035,17.953,51.198,-33.245,11.507,41.338,-29.831,13.291,43.677,-30.386,12.34,60.98,-48.64,25.828,29.778,-3.949,17.867,45.409,-27.542,7.96,46.05,-38.089,25.182,39.631,-14.449,9.142,55.393,-46.251,14.45,36.006,-21.556,12.967,47.617,-34.65,26.543,53.256,-26.713,10.984,51.091,-40.107,15.44,49.583,-34.143,11.833,52.308,-40.475,11.398,48.767,-37.369,14.29,43.046,-28.756,16.615,39.821,-23.206,18.583,5.550645389454607,31.201999999999998,7.125199255570257,44.691,10.520152416721567
46,rxn_3483,17.048,45.127,-28.079,30.48,43.704,-13.223,25.067,46.889,-21.822,20.081,37.962,-17.881,20.724,39.603,-18.878,18.612,56.068,-37.456,35.921,25.946,9.975,26.101,40.714,-14.613,15.4,41.527,-26.128,34.668,35.453,-0.786,15.309,50.716,-35.408,23.647,32.725,-9.078,19.384,42.93,-23.546,35.407,48.623,-13.216,18.226,46.708,-28.482,22.859,44.859,-22.0,18.046,48.139,-30.093,18.167,44.251,-26.084,21.873,40.146,-18.272,24.803,35.785,-10.982,20.612000000000002,6.491776451991517,30.121999999999996,6.797038556955289,47.431000000000004,11.387743944582192
47,rxn_3536,17.729,47.012,-29.283,27.481,43.332,-15.851,24.041,47.993,-23.951,20.488,38.202,-17.713,19.848,39.901,-20.053,17.698,58.049,-40.351,32.01,23.313,8.697,23.885,40.494,-16.609,14.922,42.628,-27.706,30.994,33.929,-2.935,15.127,52.545,-37.418,23.811,32.882,-9.071,19.548,45.123,-25.575,31.563,48.485,-16.921,17.345,47.952,-30.606,21.401,45.45,-24.05,18.397,49.736,-31.339,17.688,45.234,-27.546,21.33,41.257,-19.927,23.206,35.365,-12.159,17.087999999999997,5.211287904256742,34.736000000000004,7.76884530402651,49.048,11.567990546854075
48,rxn_3759,-10.897,26.478,-37.376,-6.274,25.053,-31.327,-7.44,26.548,-33.988,-8.985,22.053,-31.038,-6.648,24.975,-31.623,-17.125,34.149,-51.274,2.787,13.634,-10.848,-7.711,24.957,-32.668,-13.374,25.794,-39.168,-0.917,20.312,-21.229,-15.451,31.787,-47.237,-3.319,17.844,-21.163,-9.663,27.354,-37.017,-5.243,28.334,-33.577,-13.372,28.249,-41.621,-9.728,27.871,-37.599,-11.43,28.126,-39.555,-10.515,28.206,-38.721,-5.014,22.928,-27.942,-3.949,21.779,-25.728,19.912,4.895685387208447,20.515,4.668745379480557,40.426,9.271402758085292
49,rxn_3781,-5.781,30.455,-36.236,-2.169,28.579,-30.748,-3.112,30.533,-33.646,-4.524,25.222,-29.746,-2.906,28.133,-31.039,-10.817,40.078,-50.896,4.413,14.951,-10.538,-3.348,29.036,-32.384,-9.15,29.28,-38.43,2.222,23.005,-20.784,-9.843,36.97,-46.813,-0.219,21.274,-21.494,-5.462,31.947,-37.409,-0.283,32.563,-32.846,-8.668,32.227,-40.894,-4.846,32.389,-37.235,-6.177,32.324,-38.5,-5.791,32.534,-38.325,-1.554,27.454,-29.008,-0.784,24.396,-25.18,15.23,3.9920445160870948,25.127000000000002,5.567008442601826,40.358000000000004,9.155559245760555
50,rxn_4123,1.941,37.936,-35.995,5.319,36.836,-31.517,4.588,38.407,-33.819,3.517,32.21,-28.694,5.513,36.595,-31.082,-2.879,47.918,-50.797,11.683,22.632,-10.949,4.273,36.6,-32.328,-0.748,37.228,-37.975,9.572,31.087,-21.515,-1.51,44.919,-46.429,8.01,26.732,-18.722,2.696,39.16,-36.463,6.919,41.07,-34.151,-0.403,40.403,-40.805,3.099,40.244,-37.145,1.843,40.035,-38.192,2.578,40.584,-38.006,7.515,33.931,-26.416,7.411,32.746,-25.335,14.562,3.8137021559385738,25.285999999999998,5.837650160584173,39.848,9.242948361204595
51,rxn_4581,19.172,48.965,-29.792,35.34,44.044,-8.704,27.968,49.244,-21.277,14.93,34.778,-19.848,23.758,43.431,-19.672,23.874,61.73,-37.856,37.536,22.438,15.098,28.693,41.846,-13.154,17.66,46.332,-28.672,37.535,32.98,4.555,19.525,57.399,-37.874,17.34,30.316,-12.976,21.147,45.755,-24.608,39.646,45.656,-6.01,22.283,51.477,-29.194,25.592,47.332,-21.739,20.491,52.03,-31.539,21.048,49.053,-28.005,17.352,36.948,-19.596,26.816,37.212,-10.396,24.716,7.465385540860178,39.292,9.385587765011676,52.972,13.468015246560235
52,rxn_4652,-6.504,41.649,-48.152,4.942,37.866,-32.924,0.456,42.594,-42.138,-9.332,29.552,-38.885,-4.445,36.707,-41.151,-6.201,52.398,-58.598,8.849,19.252,-10.403,-0.941,35.215,-36.156,-9.852,38.985,-48.836,7.569,28.281,-20.712,-9.392,48.34,-57.731,-5.1,24.058,-29.159,-3.515,38.636,-42.151,8.428,39.831,-31.403,-6.382,43.77,-50.152,-3.671,40.124,-43.795,-6.083,44.792,-50.874,-7.432,41.317,-48.748,-5.76,31.243,-37.003,-1.273,31.759,-33.032,18.701,5.937547238371645,33.146,8.094055118451216,48.195,11.89965044278723
53,rxn_4937,3.957,35.874,-31.916,18.467,31.178,-12.711,12.621,36.926,-24.304,4.251,24.178,-19.927,6.587,29.382,-22.796,5.354,46.191,-40.837,22.832,12.213,10.619,11.984,28.711,-16.728,1.614,32.373,-30.76,21.766,21.435,0.33,1.179,41.724,-40.545,8.428,19.817,-11.389,7.996,33.549,-25.553,23.405,33.381,-9.976,5.212,37.033,-31.821,8.449,33.511,-25.062,4.673,38.748,-34.075,3.355,34.356,-31.0,6.947,26.407,-19.46,10.64,24.51,-13.87,22.226000000000003,6.97748584848364,33.978,8.012243080863316,51.456,13.043165774397758
54,rxn_5047,1.045,44.221,-43.176,11.448,40.699,-29.251,7.841,45.447,-37.605,-1.558,32.659,-34.217,2.62,39.465,-36.844,1.952,55.346,-53.394,13.273,21.657,-8.384,5.454,37.858,-32.404,-2.409,41.963,-44.373,13.205,31.014,-17.809,-1.354,51.174,-52.528,2.293,27.331,-25.038,3.717,42.384,-38.667,15.544,43.117,-27.574,1.292,46.74,-45.448,3.46,42.894,-39.434,1.571,47.156,-45.585,0.004,44.026,-44.022,1.625,34.053,-32.427,5.148,34.464,-29.316,17.953,5.278200485562241,33.68899999999999,8.11311178797695,45.01,11.16507239753085
55,rxn_5129,-2.907,42.247,-45.154,9.833,37.718,-27.885,4.828,43.27,-38.441,-3.898,29.176,-33.074,-0.726,35.412,-36.138,-1.386,53.718,-55.105,14.087,17.286,-3.199,4.289,34.948,-30.659,-5.547,38.578,-44.124,12.727,27.284,-14.558,-5.184,48.736,-53.92,0.274,23.855,-23.58,0.274,39.665,-39.391,13.482,40.321,-26.839,-2.13,43.758,-45.888,1.082,40.064,-38.982,-2.256,45.436,-47.692,-3.35,40.801,-44.151,-1.348,31.771,-33.119,2.902,30.269,-27.368,19.634,6.220979023475832,36.432,8.70987934096739,51.906,12.808392488294954
56,rxn_5245,37.055,40.295,-3.24,39.268,41.131,-1.863,43.121,45.137,-2.016,27.517,34.403,-6.886,32.748,33.46,-0.712,45.917,46.768,-0.851,25.582,29.873,-4.291,33.924,37.42,-3.497,33.697,36.129,-2.432,32.186,35.228,-3.042,40.457,41.268,-0.812,26.93,31.755,-4.825,35.515,36.817,-1.302,42.145,43.321,-1.176,39.171,40.261,-1.091,36.681,38.797,-2.116,40.439,43.412,-2.973,35.415,36.622,-1.208,33.166,35.515,-2.349,31.001,32.636,-1.635,20.335,5.508564478920171,16.895,4.618480752710559,6.174,1.5717761416543021
57,rxn_5345,38.516,44.324,-5.808,39.939,44.068,-4.129,43.963,48.359,-4.396,30.547,39.461,-8.914,33.749,37.233,-3.485,45.711,48.95,-3.239,27.007,33.298,-6.291,34.702,40.272,-5.57,34.834,39.326,-4.492,33.363,38.58,-5.217,40.661,44.0,-3.339,30.956,37.457,-6.501,36.716,41.079,-4.363,42.93,46.575,-3.644,39.843,43.335,-3.492,37.287,41.743,-4.455,41.611,47.168,-5.557,36.047,39.862,-3.815,36.052,40.2,-4.149,32.161,36.304,-4.143,18.703999999999997,4.865664555411672,15.652000000000001,4.210524946644514,5.675,1.3867595122215106
58,rxn_5374,36.553,42.305,-5.752,38.021,43.529,-5.508,41.92,47.172,-5.252,28.749,36.086,-7.337,32.785,35.619,-2.833,44.011,48.362,-4.351,25.507,32.33,-6.823,32.925,39.328,-6.402,33.387,37.757,-4.37,31.62,37.882,-6.262,39.359,42.834,-3.475,28.643,34.186,-5.544,35.061,39.047,-3.986,40.908,46.401,-5.493,38.367,42.099,-3.732,35.757,40.721,-4.964,39.546,45.265,-5.719,34.918,38.425,-3.508,33.881,37.29,-3.409,31.044,34.88,-3.836,18.504,4.792644351942935,16.032000000000004,4.557945323105693,4.504,1.272607749548354
59,rxn_5506,35.974,41.608,-5.635,37.928,41.828,-3.901,41.838,46.049,-4.211,27.247,36.799,-9.552,31.47,34.917,-3.446,43.542,47.655,-4.113,25.112,30.881,-5.769,32.667,38.403,-5.736,32.074,37.587,-5.512,31.383,36.138,-4.755,38.335,42.496,-4.161,27.49,34.676,-7.186,34.296,38.619,-4.323,40.859,44.126,-3.267,37.349,41.462,-4.113,35.163,39.918,-4.756,39.286,44.451,-5.165,33.814,37.98,-4.166,33.125,37.166,-4.041,29.96,33.983,-4.023,18.430000000000003,5.011103443984748,16.774,4.344586842448767,6.285,1.446654306176478
60,rxn_5581,33.015,49.197,-16.182,36.787,49.788,-13.002,37.866,54.326,-16.459,24.163,38.499,-14.337,29.984,45.094,-15.11,42.387,58.485,-16.098,23.914,35.233,-11.319,32.104,46.023,-13.919,30.721,45.47,-14.748,30.62,42.537,-11.917,37.126,53.609,-16.484,21.283,35.81,-14.526,34.118,47.523,-13.405,40.056,52.912,-12.856,35.794,50.869,-15.076,34.071,49.143,-15.072,35.892,52.858,-16.967,32.467,48.467,-16.0,29.229,43.563,-14.334,28.105,42.244,-14.139,21.104,5.445277421766498,23.252000000000002,6.199310976144638,5.647999999999998,1.5535069156080719
61,rxn_5582,27.553,38.472,-10.919,28.734,34.772,-6.038,30.878,41.409,-10.531,16.423,25.277,-8.854,23.176,33.122,-9.946,36.708,46.731,-10.023,14.556,18.913,-4.356,24.702,32.161,-7.459,24.908,34.139,-9.231,21.525,26.421,-4.896,31.769,42.917,-11.148,13.033,22.254,-9.221,28.742,36.658,-7.916,30.676,36.243,-5.567,29.648,38.923,-9.274,27.122,36.257,-9.135,30.304,41.704,-11.4,26.289,37.101,-10.812,21.944,30.963,-9.019,20.507,29.046,-8.539,23.674999999999997,6.098646556279603,27.818,7.122692455695462,7.0440000000000005,2.0893149872121897
62,rxn_5616,29.777,42.155,-12.377,33.124,38.471,-5.347,34.135,44.89,-10.755,21.588,31.093,-9.505,27.0,36.891,-9.891,39.838,50.398,-10.559,20.899,22.839,-1.94,29.423,36.069,-6.646,28.344,37.962,-9.618,27.005,30.424,-3.419,34.829,46.579,-11.75,19.019,29.525,-10.506,31.4,40.766,-9.365,35.396,40.574,-5.178,32.942,42.693,-9.75,31.29,40.184,-8.894,32.508,45.386,-12.879,29.947,40.888,-10.941,25.339,36.761,-11.422,25.046,32.887,-7.841,20.819000000000003,5.281394158792384,27.559000000000005,6.620897831269205,10.939,2.9849678174232688
63,rxn_5653,32.396,45.008,-12.612,34.366,42.97,-8.604,36.327,48.942,-12.615,23.455,33.804,-10.349,28.267,40.007,-11.74,40.818,53.529,-12.712,21.435,27.511,-6.076,30.093,39.902,-9.808,29.881,40.624,-10.743,27.862,35.216,-7.354,35.9,49.211,-13.31,21.106,31.524,-10.418,33.311,43.279,-9.968,36.712,45.652,-8.94,34.469,45.699,-11.231,32.163,43.652,-11.489,35.072,48.428,-13.356,30.947,43.754,-12.808,27.848,39.631,-11.783,26.19,36.454,-10.264,19.711999999999996,5.274922547697789,26.018000000000004,6.476823273268917,7.28,1.9787905662962817
64,rxn_5748,28.083,52.368,-24.285,30.136,51.606,-21.47,31.995,57.311,-25.316,18.63,39.862,-21.232,24.04,48.32,-24.279,37.135,61.928,-24.794,16.506,35.789,-19.283,25.742,48.125,-22.384,25.445,48.3,-22.856,23.379,43.806,-20.427,32.018,57.366,-25.349,15.749,37.701,-21.951,28.822,50.865,-22.042,32.888,54.936,-22.048,30.299,53.818,-23.519,28.093,52.064,-23.971,30.729,56.037,-25.307,26.891,52.008,-25.117,23.787,47.163,-23.376,21.8,44.816,-23.015,21.385999999999996,5.594992594651983,26.138999999999996,6.803343454160106,6.065999999999999,1.7406665533639691
65,rxn_5756,32.805,50.97,-18.165,35.542,50.396,-14.854,36.844,55.325,-18.48,24.071,40.957,-16.886,29.653,46.725,-17.072,42.199,59.974,-17.775,23.08,35.182,-12.101,31.64,46.763,-15.123,30.292,47.266,-16.974,29.479,42.924,-13.445,37.24,55.46,-18.22,21.243,38.872,-17.63,33.824,49.578,-15.754,38.334,53.802,-15.467,35.156,52.452,-17.296,33.738,50.361,-16.623,35.424,54.559,-19.135,32.488,50.123,-17.636,28.448,45.662,-17.213,27.554,43.433,-15.879,20.956,5.3406230476267575,24.791999999999994,6.170881636234894,7.034000000000001,1.7440856268211749
66,rxn_5854,31.457,45.714,-14.257,34.586,44.438,-9.852,36.041,50.316,-14.274,23.227,34.163,-10.936,27.765,40.673,-12.908,41.206,54.552,-13.346,21.871,28.987,-7.116,30.394,40.958,-10.564,29.607,41.463,-11.856,28.186,36.62,-8.434,35.837,49.853,-14.016,21.198,32.599,-11.4,32.862,44.891,-12.029,37.08,47.293,-10.213,34.262,46.707,-12.445,32.308,44.595,-12.286,34.175,49.287,-15.111,30.723,44.369,-13.646,27.742,40.367,-12.625,25.982,37.416,-11.434,20.008000000000003,5.255050958488965,25.565,6.46993769981394,7.995000000000001,2.028980542564483
67,rxn_5956,41.651,62.022,-20.371,42.618,60.76,-18.142,44.451,65.781,-21.33,31.574,50.835,-19.261,38.061,58.117,-20.056,50.963,71.038,-20.075,27.436,44.118,-16.682,38.314,56.837,-18.523,39.226,58.447,-19.22,35.093,52.54,-17.447,46.407,66.922,-20.515,27.976,47.58,-19.604,42.371,60.416,-18.044,45.148,63.916,-18.767,44.238,63.801,-19.563,41.282,60.937,-19.655,44.443,65.833,-21.39,40.942,61.364,-20.421,36.187,55.442,-19.255,34.786,54.065,-19.279,23.527,6.100396581370754,26.919999999999995,6.783000123955397,4.708000000000002,1.2097175833966156
68,rxn_6105,37.93,49.959,-12.029,42.05,47.947,-5.898,42.429,53.656,-11.226,29.041,39.289,-10.248,35.424,45.19,-9.767,48.003,58.687,-10.684,29.122,32.166,-3.044,37.774,45.077,-7.303,36.063,46.193,-10.13,35.845,40.084,-4.239,42.786,54.476,-11.69,25.186,37.28,-12.095,38.828,48.807,-9.98,44.959,50.594,-5.636,41.173,51.081,-9.908,39.613,48.78,-9.167,40.88,53.42,-12.539,38.083,48.943,-10.86,32.631,44.599,-11.968,33.373,41.44,-8.067,22.817,5.6837470616246035,26.521,6.461531376254068,9.495,2.7581603308231224
69,rxn_6178,41.197,60.447,-19.25,42.757,59.712,-16.955,44.661,64.655,-19.994,30.314,47.312,-16.999,36.618,55.254,-18.635,51.37,71.498,-20.129,27.13,41.984,-14.853,38.049,55.897,-17.848,38.275,55.77,-17.495,34.966,50.924,-15.958,45.897,66.038,-20.142,27.193,44.242,-17.049,42.215,59.339,-17.123,45.669,63.184,-17.514,43.69,61.999,-18.308,40.895,59.957,-19.062,44.053,64.259,-20.207,39.906,59.632,-19.726,35.603,53.207,-17.604,33.722,51.395,-17.673,24.24,6.390683877415048,29.514000000000003,7.522371356756284,5.354000000000001,1.4944752502748955
70,rxn_6180,27.764,40.322,-12.558,31.982,38.189,-6.207,32.742,44.062,-11.32,19.64,29.717,-10.076,24.791,35.314,-10.522,36.667,47.96,-11.294,20.652,23.187,-2.535,27.858,35.12,-7.262,25.524,36.134,-10.61,26.528,30.683,-4.155,31.465,43.862,-12.397,16.696,27.531,-10.835,28.919,38.768,-9.849,34.619,40.713,-6.094,30.234,40.882,-10.648,29.169,38.664,-9.496,30.637,43.626,-12.989,27.264,38.743,-11.48,24.335,35.331,-10.996,23.443,31.954,-8.512,19.971,5.049194041731078,24.773,6.15576723936693,10.454,2.846466080025694